<archetype-descriptor xmlns="http://maven.apache.org/plugins/maven-archetype-plugin/archetype-descriptor/1.0.0"
                      xmlns:xsi="http://www.w3.org/2001/XMLSchema-instance"
                      xsi:schemaLocation="http://maven.apache.org/plugins/maven-archetype-plugin/archetype-descriptor/1.0.0 http://maven.apache.org/xsd/archetype-descriptor-1.0.0.xsd"
                      partial="false">
    <requiredProperties>
        <requiredProperty key="groupId">
            <defaultValue>com.mulesoft.tools</defaultValue>
        </requiredProperty>
        <requiredProperty key="package">
            <defaultValue>com.mulesoft.tools</defaultValue>
        </requiredProperty>
        <requiredProperty key="mainTaskClassName">
        </requiredProperty>
        <requiredProperty key="version">
            <defaultValue>1.0-SNAPSHOT</defaultValue>
        </requiredProperty>
    </requiredProperties>
    <fileSets>
        <fileSet filtered="true" packaged="true" encoding="UTF-8">
            <directory>src/main/java</directory>
            <includes>
                <include>**/*.java</include>
            </includes>
        </fileSet>
    </fileSets>

</archetype-descriptor>


