<assembly xmlns="http://maven.apache.org/ASSEMBLY/2.0.0" xmlns:xsi="http://www.w3.org/2001/XMLSchema-instance"
    xsi:schemaLocation="http://maven.apache.org/ASSEMBLY/2.0.0 http://maven.apache.org/xsd/assembly-2.0.0.xsd">
    <id>bin-with-libs</id>
    <formats>
        <format>tar.gz</format>
        <format>tar.bz2</format>
        <format>zip</format>
    </formats>
    <includeBaseDirectory>false</includeBaseDirectory>
    <fileSets>
            <fileSet>
                <directory>src/main/resources/config</directory>
                <outputDirectory>/config</outputDirectory>
                <includes>
                    <include>*.properties</include>
                </includes>
            </fileSet>
    </fileSets> 
    <dependencySets>
        <dependencySet>
            <outputDirectory>/</outputDirectory>
            <useProjectArtifact>true</useProjectArtifact>
            <useTransitiveDependencies>false</useTransitiveDependencies>
            <unpack>false</unpack>
            <scope>runtime</scope>
            <includes>
                <include>com.mulesoft.tools:mule-migrator-orchestrator:jar</include>
            </includes>
        </dependencySet>
        <dependencySet>
            <outputDirectory>/libs</outputDirectory>
            <useProjectArtifact>false</useProjectArtifact>
            <unpack>false</unpack>
            <scope>runtime</scope>
        </dependencySet>
    </dependencySets>
</assembly>